104418;A-CR PIELES INTOLER  40ML;259.45;259.44827586;259.44827586
104421;A-LOCION PIELES INT 200ML;205.59;213.17;213.17
118998;A-AGUA TERMAL AVENE 50ML;60.69;64.48275862;64.48275862
119745;A-AGUA TERMAL AVENE 300ML;160.83;191.17241379;191.17241379
119750;A-AGUA TERMAL AVENE 150ML;138.07;140.34482758;145.6552
511490;E-ACTIV MASSAGE COLLEC;381.59;381.59;381.59
602631;A-DIROSEAL CREMA 30 ML;213.17;213.17;213.17
602648;A-MOSAICO TRANSLUCID 9GR;304.97;304.97;304.97
606881;G-OPUR DESMAQ 2 EN 1 200M;157.03;157.03;157.03
606882;G-PUR LOC HIDR 200ML;157.03;157.03;157.03
606885;G-PUR CR FAC DESMA 200ML;157.03;157.03;157.03
608820;A-CICALFATE CREMA 40 ML;190.41;193.44827586;204.8276
609414;A-GEL AL COLD CREAM 400ML;304.97;304.97;304.97
609606;A-MOSAICO BRONCEADO 9GR;304.97;304.97;304.97
610152;M-ERYASE CR ANTIERYT;144.9;150.96551724;150.96551724
610200;M-EXOMEGA B TRAT 250ML;182.83;182.83;182.83
610204;M-DERMOPAN BARRA 100GR;88;88;88
610212;M-DERMOPAN BARRA 100GR;88;90.27586206;90.27586206
610531;A-CLEANANCE GEL 200ML NVO;217.72;217.72;217.72
611380;A-TOLERANCIA EXTR CR 7X5;304.97;304.97;304.97
611385;A-TOLERANCIA EXTR LEC7X10;304.97;304.97;304.97
612867;A-DIACNEAL 30 ML;259.45;279.93103448;279.93103448
613590;M-GEL ESPUMOSO 250ML;160.07;160.07;160.07
614216;A-LAP LAB COLD CREAM 4GR;103.17;106.20689655;106.20689655
614968;A-CREMA PURIFICANTE 125ML;233.66;233.65517241;233.65517241
615248;A-FLUIDO HIDRATANTE 50ML;282.21;282.20689655;282.20689655
616184;A-CR CONT DE OJOS 10ML;217.72;223.79310344;231.3793
616189;A-DESM OJOS 125ML NVO;205.59;207.10344827;207.10344827
616196;A-MASC FAC APAC HIDR 50ML;259.45;259.44827586;269.31
616221;A-CR EXFOL FAC 50ML NVO;229.1;229.10344827;229.10344827
616227;A-LOC TON SUAV 200ML NVO;205.59;208.62068965;208.62068965
616233;A-LECHE LIMP DEMAQ 200ML;198;198;205.5862
616424;M-EXOMEGA LOC 400ML NF;290.55;290.55;290.55
616598;A-COUV COMP O/F BRONCEADO;313.31;313.31034482;324.6897
616602;A-COUV COMP O/F MIEL;313.31;313.31034482;324.6897
616606;A-COU COMP O/F ARENA;313.31;313.31034482;324.6897
616610;A:COUVR COMP O/F NATURAL;313.31;313.31034482;324.6897
616614;A-COUV COMP O/F PORCELANA;313.31;313.31;313.31
616618;A- COUV COMP CONF BRONCEA;313.31;313.31034482;324.6897
616622;A- COUV COMP CONF MIEL;313.31;313.31034482;324.6897
616626;A- COUV COMP CONF ARENA;313.31;313.31034482;324.6897
616630;A- COUV COMP CONF NATURAL;313.31;313.31034482;324.6897
616634;A-COUV COMP CONF PORCELAN;313.31;313.31;313.31
617320;M-EPITELIAL AH 40ML;203.31;216.20689655;216.20689655
618300;A-LOCION MICELAR 200ML;160.07;176;176
636191;A-COUV FONDO SOLEADO 30ML;251.86;251.86;251.86
636302;A-COUV PINC COR BG 1.7ML;213.17;213.17;213.17
636303;A-COUV PINC COR BG 1.7ML;213.17;213.17;213.17
636306;A-COUV PINC COR VERD 1.7M;213.17;213.17;213.17
636410;M-DERMALIBOUR STICK 8G;134.28;134.28;134.28
636708;A-ELUAGE CREMA 30ML;376.28;440;440
636718;A-ELUAGE CUERPO 150ML;376.28;376.28;376.28
636826;A-CLEANANCE K 40ML;251.86;273.1034;273.1034
636851;K-SHAMPOO CENTAURE 200ML;100.9;110;110
636857;K-SHAMPOO QUININA 200ML;100.9;110;110
636865;K-SHAMPOO GRANADA 400ML;139.4;139.4;139.4
636872;K-ACOND QUININA 150ML;103.17;103.17;103.17
636921;A-GEL PARA AFEITAR 150ML;217.72;217.72;217.72
637120;K-CUID NUT S/E MANG 100ML;108.48;118.34482758;118.34482758
637121;K-ACOND MANGO 150ML;103.17;103.17;103.17
637122;K-SHAMPOO MANGO;100.9;110;110
637190;K-SHAMPOO ORTIGA 200ML;100.9;110;110
637244;A-AKERAT CREMA CORP 200ML;301.93;301.93103448;301.93103448
637306;G-ARG ELIXIR NUTRIT 30ML;443.79;443.79;443.79
637308;G-SUERO HIDRATANTE 30ML;337.59;337.59;337.59
637350;A-CR MANOS COLD CR 75ML;137.31;140.34482758;140.34482758
637489;A-BARRA DERMOLIM CC 100GR;106.21;106.21;106.21
637573;A-GEL LIMPIADOR COLD CREA;304.97;287.51724137;287.51724137
637595;K-SHP QUININA 400ML;141.26;154;154
637960;G-MASC FAC HID PS 50ML NP;218.48;218.48;218.48
637988;A-BALSAMO HIDRATANTE 75ML;274.62;274.62;274.62
638029;G-CAUT GEL LIMP MATF 150M;152.48;152.48;152.48
638036;G-CAUT MASC EXFOL 50ML;206.34;206.34;206.34
638039;G-CAUT GEL CR REQUIL 40ML;206.34;206.34;206.34
638127;A-CICALFATE LOCION 40ML;175.24;178.27586206;182.069
638267;D-EXTRA SUAVE SHP 300ML N;152.48;173.7241;173.7241
638279;D-SELEGEL SHP 200ML NP;157.03;181.31034482;181.31034482
638294;D-SABAL SHAMPOO 125ML NP;157.03;157.03;157.03
638308;D-CHRONOSTIM 2X50ML;532.55;550;550
638328;G-CR FACIAL HIDRATANTE 40;229.1;229.1;229.1
638330;G-GEL VIVIFICANTE 40ML;229.1;229.1;229.1
638476;M-GEL DERM SUAVE 500ML;167.66;167.66;167.66
638512;G-OMB CR PROT SPF 15 50ML;336.07;336.07;336.07
638523;A-CR FAC COLD CREAM 40ML;152.48;159.31034482;166.1379
638542;A-CICALFATE CREMA 100ML;304.97;311.03448275;311.03448275
638614;G-ARG CR NOCHE 50ML;405.86;405.86;405.86
638622;A-STICK DUO VERDE/BEIGE;221.52;221.52;221.52
638631;A-STICK DUO AMARILLO/BEIG;221.52;221.52;221.52
638644;A-COUV FONDO PORCEL 30ML;251.86;251.86;251.86
638645;A-COUV FONDO NATURAL 30ML;251.86;256.4137931;265.5172
638646;A- COUV FONDO ARENA 30ML;251.86;256.4137931;265.5172
638647;A-COUV FONDO MIEL 30ML;251.86;256.4137931;265.5172
638648;A-COUV FONDO SOLEADO 30ML;251.86;256.4137931;265.5172
638686;G-OMB CONCENTRADO DESPIGM;282.21;282.21;282.21
638689;A- CLENANCE LOCION 200ML;210.14;210.14;210.14
638999;E-LIPOREDUCTOR VIENTRE 75;289.71;289.71;289.71
639051;A-AKERAT S CREMA 100ML;213.17;216.20689655;216.20689655
639153;A-CR NUTRITI COMPENS 40ML;381.59;381.59;381.59
639431;G-OMBELIA SUERO ACLARADOR;330;330;330
639459;A-CLENANCE EMUL TINTE 40M;248.83;248.83;248.83
639465;A-CLEANANCE EMULSION 40ML;248.83;248.83;248.83
639502;D-KELUAL ZINC LOCION 200M;167.66;167.66;167.66
639589;A-SUERO CALMANTE HIDR 30M;381.59;388.4137931;388.4137931
639598;G-BIOP CREMA REAF PS 50ML;351.24;351.24;351.24
639602;G-BIOP CREMA REAF PM 50ML;351.24;351.24;351.24
639605;G-BIOP CREMA NOCHE REAF;368.69;368.69;368.69
639608;G-BIOP CUIDADO OJOS 15ML;263.24;263.24;263.24
639612;G-BIOP SUERO REAFIRMANTE;438.48;438.48;438.48
639698;E-ACTIV MASSAGE MINCEUR;381.59;381.59;381.59
639710;D-KERACNYL MATIF 30ML;183.65;183.65;183.65
639794;D-KELUAL EMULSION 50ML;164.62;173.72413793;173.72413793
639953;D-NUTRICERAT SHP ULTRA NU;157.03;157.03;157.03
640017;K- SHP MANZANILLA 200ML;100.9;100.9;100.9
640083;A-YSTHEAL CREMA 30ML NVO;321.66;321.66;321.66
640089;A-YSTHEAL EMULS 30ML NVO;321.66;321.66;321.66
640101;A-YSTHEAL+CONT OJOS 15ML;289.79;289.79;289.79
640151;DU- ICTYANE HD CREME 50ML;188.14;195.72413793;195.72413793
640433;A-COUV LAPIZ LABIOS CLARO;221.52;221.52;221.52
640459;D-KERTYOL SHP 125ML NF;157.03;157.03;157.03
640463;D-KERTYOL SHP 200ML;157.03;157.03;157.03
640514;A-COUV LAPIZ LABIOS INTEN;221.52;221.52;221.52
640563;G-ARG TENS REEST OJOS Y L;314.07;314.07;314.07
640568;A-COUV LAPIZ CORRECTOR CE;198;198;198
640618;A-CUID REP D.SOL 200ML;229.1;234.4137931;234.4137931
640648;A-BLOQ CR 50+ CORP 100ML;282.21;282.21;282.21
640736;D- ANASTIM 8X7.5ML;458.97;458.97;458.97
640795;A-CREMA AUTOBRONC 100ML;229.1;229.1;229.1
640882;A-BLOQ CR 50+ FAC 50ML;256.41;256.41;256.41
640890;A-BLOQ 50+ CR C/COLOR 50M;256.41;256.41;256.41
640895;A-BLOQ CR 50 FAC 50ML NF;245.03;245.03;245.03
640900;A-CR LABIAL FPS50B15A 15M;144.9;144.9;144.9
640905;A-COMP FPS50 DORADO 10GR;289.79;289.79;289.79
640914;A-BLOQ LECHE 50 100ML;274.62;274.62;274.62
641255;D-EXTRA SUAVE SN 300ML NF;152.48;152.48;152.48
641283;A-EMULSION CORP CCR 400ML;313.31;317.86206896;317.86206896
641422;G-CUIDADO TENSOR REDENSIF;443.03;443.03;443.03
641516;L-GRANUDOXY 15 TABLETAS;174.15;174.15;193.59
641517;L-GRANUDOXY 28 TABLETAS;271.35;271.35;298.89
641535;L-TREVISSAGE 30 CAPSULAS;506.25;506.25;558.9
641536;L-TREVISSAGE 30 CAPSULAS;882.9;882.9;972
641574;M-CR DERMOPROTECT 150ML;226.07;226.07;226.07
641929;D-ELUTION SHP 200ML;157.03;157.03;157.03
641986;A-CLEAN AC 40ML;251.86;273.1034;279.931
642065;A-TRIXERA +SEL GEL 400ML;271.59;271.59;271.59
642067;A-TRIXERA +SEL CREMA 400M;355.79;355.79310344;355.79310344
642070;D-NUTRICERAT SHP 200ML;157.03;166.13793103;166.13793103
642091;D-NUTRICERAT EMULS 100ML;141.86;150.96551724;150.96551724
642129;A-TRIXERA+ BALSAMO 200ML;220;234.4137931;234.4137931
642171;D-ARGEAL SHP 200ML;149.45;173.7241;173.7241
642447;D-ICTYANE CREMA MANOS 50M;96.34;97.86206896;97.86206896
642449;D-ICTYANE BARRA 200GR NP;83.45;83.45;83.45
642450;D-ICTYANE STICK 3G;96.34;96.34;96.34
642453;D-ICTYANE CR 150ML;206.34;238.9655;238.9655
642471;D-ICTYANE LOC CORP 500ML;259.45;282.20689655;282.20689655
642477;D-KERACNYL CREMA NF 30ML;207.1;238.9655;238.9655
642479;D-KERACNYL STOP ESPI 10ML;164.62;188.8966;188.8966
642480;D-KERACNYL LOCION 300ML;188.14;188.14;188.14
642486;D-KERACNYL GEL MOUS 200ML;188.14;219.2414;231.3793
642488;D-KERACNYL MASC EXF 40ML;157.03;185.86206896;185.86206896
642695;E-CELLU REVERSE VIENTRE 7;314.07;314.07;314.07
642737;A-CLENANCE GEL PROMO 250M;206.84;206.84;206.84
642794;D-ICTYANE HD BALS 400ML;302.69;317.86206896;317.86206896
642837;K-SHAMPOO PAPIRO 200ML;100.9;110;110
642842;K-ACONDICIONADOR PAPIRO;103.17;112.27586206;112.27586206
642855;K-CUID NUT SIN ENJ PAPIRO;108.48;118.34482758;118.34482758
643095;E-REMODELANTE BUSTO 50ML;287.52;302.68965517;302.68965517
643202;L-DEXERYL 250ML;80.41;80.41;106.2069
643239;A-BLOQ SPRAY 50+ 200ML;301.93;301.93;301.93
643276;E-CELLU REVERSE 100ML;314.07;314.07;314.07
643287;E-DUO CELLU REVERSE 2X100;499.93;499.93;499.93
643288;E-DUO CELLU REVERSE2X100M;499.93;499.93;499.93
643405;M- CYTELIUM SPRAY 100ML;144.9;144.9;144.9
643438;M-DERMALIBOUR STICK 8G;134.28;134.28;134.28
643577;K-SHAMPOO MANZANILLA 200M;100.9;110;110
643672;K-SHAMPOO ORTIGA 200ML;100.9;110;110
643673;K-SHAMPOO GRANADA 200ML;100.9;110;110
643678;K-ACOND QUININA 150ML;103.17;112.27586206;112.27586206
643679;K-ACOND MANGO 150ML;103.17;112.27586206;112.27586206
643751;D-KELUAL DS CREME 40ML;191.17;204.06896551;211.6552
643815;A-HYDRA OPT RICHE 40MLNF;259.45;276.89655172;287.5172
643819;A-HYDRA OPT UV RICHE 40ML;289.79;295.10344827;314.8276
643824;A-HYDRA OPT LEGER 40MLNF;259.45;276.89655172;287.5172
643829;A-HYDRANCE LIGERA UV 40ML;289.79;295.10344827;314.8276
643957;G-AQP CREMA SORB HYD 40ML;229.1;229.1;229.1
643961;G-AQP GEL/CR SORB HYD 40M;229.1;229.1;229.1
643970;G-AQP MASC FAC HIDR 50ML;218.48;218.48;218.48
643973;G-ELIXIR HID AQP 30ML;337.59;337.59;337.59
644000;D-MELASCREEN ILUM SPF 40M;344.41;344.41;344.41
644001;D-MELASCREEN ECLAT 40ML;344.41;363.3793;363.3793
644013;M- EXOMEGA CREMA 200ML;267.03;267.03;267.03
644018;M-EXOMEGA LOC 400ML;290.55;315.58620689;315.58620689
644021;M-EXOMEGA GEL DERMOLIMP;168.41;168.41;168.41
644022;M-EXOMEGA GEL 200ML;168.41;173.72413793;173.72413793
644094;G-ARGANE EMULSION 50ML;386.9;386.9;386.9
644350;E-PREV ANTIESTRIAS 150ML;235.93;235.93;235.93
644352;E-GEL EXFOLIANTE TON 150M;166.9;186.62068965;186.62068965
644364;E-CREMA REAF CUERPO 200ML;289.79;289.79;289.79
644366;E-DESINFILTRANTE NUTRI 20;295.1;310.27586206;310.27586206
644409;K-CREMA GRANADA 150ML;103.17;112.27586206;112.27586206
644539;E-ACTIVE MASSAGE MIN;381.59;421.79310344;421.79310344
644540;E-ACTIV MASSAGE RECARGA;164.62;185.10344827;185.10344827
644609;K-SHAMPOO MANGO 400ML;141.26;154;154
644629;K-CUID S/E GRANADA 100ML;108.48;118.34482758;118.34482758
644676;M-DERMALIBOUR CR 50ML;150.97;150.97;150.97
644732;D-ELUTION SHP 300ML;157.03;157.03;157.03
644734;D-ELUTION SHAMPOO 200ML;157.03;173.7241;188.8966
644801;DU ANAPHASE SHP 150ML;206.34;206.34;206.34
644887;A-GEL FAC DESM 200ML;233.66;236.68965517;236.68965517
645131;A-BLOQ CR 50+C/DOSIF 50ML;256.41;256.41;256.41
645150;A-BLOQ 50+C/COLOR 50ML;256.41;256.41;256.41
645163;A-BLOQ 50+ GEL 50ML;256.41;256.41;256.41
645173;A-CLEANANCE SOLAR FPS30;241.24;241.24;241.24
645340;D-KELUAL DS SHP 100ML;179.79;211.6552;211.6552
645494;A-BLOQ CREMA FAC FPS 30;233.66;233.66;233.66
645535;A-TRIXERA+SELECT GEL NVO;271.59;280.68965517;280.68965517
645630;A-BLOQ SPRAY FPS 30 200ML;282.21;282.21;282.21
645633;A-SPRAY FPS 30 NIÑOS 200M;297.38;297.38;297.38
645639;A-BLOQ SPRAY 50+ 200ML;301.93;301.93;301.93
645642;A-SPRAY 50+ NIÑOS 200ML;297.38;297.38;297.38
645660;A-ELUAGE CONT OJOS 15ML;329.24;367.931;367.931
645904;EL OFFENSIVE CELLULITE100;326.21;341.37931034;341.37931034
645980;A-CR NUTRI COMPENSA 50ML;381.59;388.4137931;388.4137931
646030;D-FORSTIM MOUSSE 150ML;229.1;229.1;229.1
646047;D-ANASTIM CONC 8X7.5ML;458.97;489.31034482;489.31034482
646116;G-ELIXIR BIOPHYCEE 30ML;438.48;438.48;438.48
646152;A-COUV PIEL MORENA CANELA;313.31;313.31;313.31
646154;A-COUV PIEL MORENA SIENA;313.31;313.31;313.31
646197;A-ELUAGE CONC ANTIARR 15M;381.59;447.5862;447.5862
646287;K-SHAMPOO GRANADA 400ML;141.26;154;154
646296;D-ICTYANE BARRA 200GR;83.45;113.7931;113.7931
646317;K-SHAMPOO PAPYRUS 400ML;141.26;154;154
646474;A-COMPACTO FPS 50 ARENA;289.79;289.79;289.79
646479;A-COMPACTO FPS 50B 15A;289.79;289.79;289.79
646500;E-CREMA CORP ANTIEST 400M;440;440;440
646536;D-NEOPTIDE LOC ANTIC 3X30;532.55;550;550
646833;M-DERMOPED CR SUAVE COCON;152.48;152.48;152.48
646863;D-MELASCREEN DESPIG 30ML;421.03;424.06896551;424.06896551
646924;M-EXOMEGA BAÑO TRAT 250;182.83;201.79310344;201.79310344
647109;D-ICTYANE STICK LABIOS 3M;91.79;105.44827586;105.44827586
647224;D-KERACNYL LOC PURIF 200M;188.14;204.069;204.069
647315;D-EXTRA SUAVE SHP 400ML;152.48;152.48;152.48
647467;M-EXOMEGA BALSAMO 200ML;274.62;274.62068965;274.62068965
647491;A-BARRA DERMOLIMP C/C NF;106.21;106.20689655;106.20689655
647706;A-SERENAGE CREMA 40ML;428.62;470.3448;470.3448
647830;A-TOL EXT CREMA DEFI 50ML;264.75;264.75862068;264.75862068
647834;A-TOL EXT LECHE DEFI 50ML;249.59;249.58620689;249.58620689
648020;A-LOCION MICELAR 400ML;240.48;264;264
648042;D-ICTYANE CREMA EE 200ML;229.1;229.1;229.1
648069;E-CUID DESIN NUTRITIV;295.1;295.1;295.1
648083;M-EXOMEGA CR 200ML NF;267.03;267.03448275;267.03448275
648134;A-CLEANANCE GEL 200ML;217.72;238.9655;238.9655
648172;A-CLEAN LOCION 200ML;210.14;226.8276;234.4138
648182;E-CREME MULTIFIRMEZA 200M;289.79;317.86206896;317.86206896
648248;A-CR LABIAL FPS50B15A 15M;144.9;146.4137931;146.4137931
648264;A-CLEANANCE EMUL 40ML ´10;248.83;264.7586;264.7586
648387;A-HP COMP50 DORE 2011;289.79;295.10344827;302.6897
648393;A-COMP FPS 50 ARENA 2011;289.79;295.10344827;302.6897
648434;A-BLOQ CR 50+ TINTE 2011;256.41;269.31034482;269.31034482
648457;A-BLOQ GEL FAC 50+ 2011;256.41;269.31034482;269.31034482
648462;A-CREMA AUTOBRONCEADORA;229.1;234.4137931;234.4137931
648509;D-KERACN MATIF NF 30ML;183.65;196.4828;196.4828
648849;A-BLOQ CREMA MINERAL 50+;245.03;248.8275862;248.8275862
648866;A-SPRAY 50+ NF 200ML;301.93;322.4137931;322.4137931
648899;A-LECHE MINERAL 50+100ML;274.62;279.93103448;279.93103448
648913;A-LECHE 50+ 2011;274.62;287.51724137;287.51724137
648924;A-BLOQ 50+ CREMA FAC 2011;256.41;269.31034482;269.31034482
649046;A-SPRAY 50+ NIÑOS 200ML;297.38;322.4137931;322.4137931
649059;A-CLEANANCE SOLAR FPS 30N;241.24;254.13793103;254.13793103
649327;E-CR ANTIESTRIAS SIN PARA;235.93;264.75862068;264.75862068
649430;E-CR ANTIESTRIAS SIN PBN;440;494.22;494.22
708645;P-PERCUTAFEINE 200ML;292.07;302.68965517;302.68965517
708648;P-PERCUTALFA 200ML;274.62;280.68965517;280.68965517
900248;A-YSTHEAL+CREMA 30ML;321.66;360.3448;360.3448
900869;K-SHAMPOO SECO AVENA 150M;119.1;130.48275862;130.48275862
901789;A-YSTHEAL EMULSION 30ML;321.66;360.3448;360.3448
902151;A-BARRA DERMOLIMPIADORA P;0;0;113.79
902285;A-YSTHEAL CONT OJOS 15ML;289.79;299.6552;299.6552
902703;A-AGUA THERMAL ED LIM 50M;0;0;64.48
902727;D-SABAL SHP 200ML;157.03;173.7241;173.7241
903006;A-ACEITE SOLAR FPS30 200M;0;0;370.97
903182;A-AV GEL DERMOLIMP C/CR 2;229.1;229.1;229.1
905061;A-CREMA PARA EL PAÑAL;87.24;87.24;94.83
905062;A-GEL COSTRA LACTEA 40ML;117.59;117.59;122.14
905224;D-ARGEAL 50ML;59.93;59.93;59.93
906013;A-GEL P/AFEITAR 2011 150M;217.72;219.24137931;219.24137931
906439;A-FLUIDO AFTER SHAVE 75ML;274.62;276.13793103;276.13793103
906566;D-ELUTION 300ML;157.03;166.14;166.14
906586;D-ANACAPS CONC 60 CAPS;378.93;397.9;397.9
907527;K-CREMA DE DIA PAPIRO;0;0;118.34
913127;A-EAU NETT 500ML;166.9;166.9;182.069
913144;K-ACOND MANGO 50ML;37.17;0;0
913146;K-CREMA D DIA MANGO 125ML;0;118.34;118.34
914629;K-CREMA PEINADO GRA 125ML;0;118.34;118.34
915505;A-COUV LABIOS INTEN ´11;221.52;223.03448275;223.03448275
917688;A-GEL DERMOLIMPIADORA 500;159.31;159.31;166.8966
917843;A-TRIXERA SELECTIOSE CREM;220;226.8275862;226.8275862
918279;L-DERMOSTER CICLOPIROXOLA;85.05;85.05;85.05
921159;K-SHAMPOO MANGO 100ML;52.34;52.34;52.34
923275;D-KERTYOL PSO SHP 200ML;242;249.58620689;249.58620689
923701;K-ACOND PAPIRO 50ML;37.17;37.17;37.17
924504;K-SHAMPOO SECO AVENA 50ML;118.34;118.34;118.34
924780;M-ACEITE DERMOLIMPIAD 500;0;304.02;304.02
925415;M-EXOMEGA LOCION 200ML;264.76;264.76;264.76
925487;A-BALSAMO P LABIOS COLD C;110;113.03448275;113.03448275
925576;D-MELASCREEN EMUL 50+40ML;264.76;264.75862068;264.75862068
926019;M-EXOMEGA CREMA 400ML;330;352.7586;352.7586
926647;K-BB EAU DE BEBE 50ML;166.9;166.9;166.9
927161;D-KERACNYL PP CREMA 30ML;223.79;261.7241;261.7241
927657;D-SQUANORM PEL SECHES SHP;194.97;194.97;194.97
927663;D-SQUANORM PEL GRASSES SH;194.97;194.97;194.97
927714;D-SQUANORM LOCION ZINC200;167.66;173.72413793;173.72413793
927745;D-SHAMPOO CASPA GRASA200m;179.79;181.31034482;197.2414
928110;A-TRIACNEAL CR 30ML;284.48;295.1034;302.6897
928335;M-EXOMEGA ESPUMA EMOLIENT;183.59;183.58620689;183.58620689
928468;M-DERMALIBOUR 50ML;150.97;163.10344827;163.10344827
928521;M-EXOMEGA GEL DERMOLIMP;295.1;315.58620689;315.58620689
928588;M-ADERMA CREMA MANO 50ML;94.83;94.8275862;102.4138
929142;A-POLVO MOS ECLAT´11;304.97;304.96551724;314.8276
929144;A-POLVO MOS BRONC´11;304.97;304.96551724;314.8276
929151;K-CUID S/E MANGO 150ML;108.48;108.48;108.48
929164;A-POLVO MOS TRANS´11;304.97;304.96551724;314.8276
929182;A-SERENAGE SUERO 30ML;470.34;512.069;512.069
929195;A-SERENAGE CR NOCHE 40ML;447.59;477.931;477.931
929223;A-COUV STICK MONO AMAR´11;221.52;221.51724137;226.8276
929224;A-COUV STICK MONO CORAL11;221.52;221.51724137;226.8276
929227;A-COUV STICK MONO VERDE11;221.52;221.51724137;226.8276
929275;A-ELUAGE EMULSION 30ML;376.28;440;440
929299;A-PINCEL BEIGE COUV´11;213.17;214.68965517;220
929303;A-PINCEL AMBAR COUV11;213.17;214.68965517;220
930046;K-SHAMPOO PAPIRO 100ML;52.34;52.34;52.34
930055;A-PED COLD CREAM 100ML;136.55;136.55;144.1379
930581;A-REFLEX SOLAR FPS50+30ML;188.9;188.89655172;188.89655172
930714;G-ARG ELIXIR PIEL SECA30;454.41;527.2414;527.2414
930716;G-ARG EMULSION PIEL SECA;424.07;477.931;477.931
930717;G-ARG CUID REAFIR NOCHE P;440;484;484
930721;G-ARG CUID REAFIR PTS PIE;458.97;507.5172;507.5172
930725;G-ARG CUIDADO REAF OJOLAB;363.38;409.6552;409.6552
930733;G-ARG CR MANOS 75ML;0;350;350
930829;D-NUTRICERAT 300ML;157.03;157.03;188.9
930909;M-PRIMALBA LOCION DERMOLI;173.72;173.72413793;173.72413793
930911;M-PRIMALBA GEL LAVANT DUC;167.66;167.65517241;167.65517241
930915;M-PRIMALBA CREME DOUCEUR;152.48;152.48275862;152.48275862
930932;M-PRIMALBA LAIT TOILETTE;37.17;37.17;37.17
930941;M-GEL DERMOLIMPIADOR 500M;232.59;243.2137931;243.2137931
930985;K-SHAMPOO MAGNOLIA 200ML;100.9;110;110
930987;K-ACOND MAGNOLIA 150ML;103.17;112.27586206;112.27586206
930988;K-AGUA BRILLO MAGNOLIA100;108.48;118.34482758;118.34482758
931007;A-DESPIGMENT LIG 30ML;370.97;370.96551724;370.96551724
931052;A-MASQ CALM ANTIROJ 50ML;264.76;264.75862068;264.75862068
931074;A-ANTI-ROUGEURS FORT 30ML;213.17;226.8275862;248.8276
931082;M-ADERMA GEL MOUSSANT 250;166.14;173.72413793;180.5517
931233;K-BB SPRAY SOLAR 50+200ML;209.77;209.77;209.77
931276;G-OPH CUIDADO 30ML;470.34;527.2414;527.2414
931277;G-OPH CUID ANTIARRUGAS PS;401.31;446.069;446.069
931278;G-OPH CUIDADO ANTIA PNM50;401.31;446.069;446.069
931281;G-OPH CUIDADO ANTIAR OJOS;315.59;355.7931;355.7931
931283;G-OPH CUIDADO ANTIARU NOC;416.48;445.31034482;445.31034482
931312;G-NEC CUID ALISANTE PNM;340.62;364.89655172;364.89655172
931313;G-NEC ELIXIR ALISANTE 30M;393.72;418;418
931314;G-NEC CUID ALISANTE OJOS;257.17;277.65517241;277.65517241
931335;G-PUR LECHE DESMAQUILL200;169.93;193.4483;193.4483
931337;G-PUR TONICO DESMAQUILLAN;169.93;193.4483;193.4483
931339;G-PUR CREMA DESMAQUI 2N1;169.93;193.4483;193.4483
931341;G-PUR DESM WATER 125ML;162.34;182.069;182.069
931351;G-AQU ELIXIR HIDRATANTE30;337.59;358.06896551;358.06896551
931352;G-AGU GEL-CREMA HIDRA PNM;229.1;248.8275862;248.8275862
931353;G-AQU CREMA HIDRATANTE PS;229.1;248.8275862;248.8275862
931355;G-AQU MASCARILLA HIDRATAN;229.1;248.8275862;248.8275862
931373;G-CAU GEL LIMPIADOR MATIF;204.83;222.27586206;222.27586206
931375;G-CAU MASC FAC EXFOL 50ML;248.83;264.75862068;264.75862068
931376;G-CAU GEL-CREMA MATIFICAN;257.17;270.06896551;270.06896551
932312;E-CONCENT VTRE/TAILLE 75M;326.21;341.37931034;341.37931034
932326;M-EXOMEGA BALSAMO 400ML;343.28;362.6207;362.6207
932570;D-ANAPHASE SHP 200ML;206.34;221.51724137;238.9655
932576;K-ACEITE MANGO S/E 125ML;128.97;140.34482758;140.34482758
932684;K-BB GEL BAÑO CUERP/CAB50;113.03;113.03;113.03
932687;K-BB AGUA PROT LIMP 500ML;128.21;128.21;128.21
932691;K-BB JABON BARRA 250GR;60.69;60.69;60.69
932694;K-BB CREMA CAMBIO 75ML;75.1;75.1;75.1
932695;K-BB LECHE PROT LIMP 200M;56.9;56.9;56.9
932697;K-BB LECHE PROT LIMP 500M;128.21;128.21;128.21
932701;K-BB AGUA DE TOCADOR 500M;143.38;143.38;143.38
932702;K-BB CREMA HIDR 200ML;94.83;94.83;94.83
932703;K-BB TOALLITAS LIMP 70U;79.66;79.66;79.66
932706;K-BB CREMA NUT 40ML;67.52;67.52;67.52
933009;D-EXTRA SUAVE 400ML;152.48;152.48;152.48
933769;K-CURE DE FORCE 125ML;333.79;333.79;333.79
934091;K-SHAMPOO MAGNOLIA 400ML;141.26;154;154
934375;E-CELLU SLIM 200ML;348.97;367.93;378.5517
934821;M-PRIMALBA CR CHANGE 100M;151.72;151.72;151.72
934885;A-CR PIELES INT DEFI 50ML;274.62;274.62;274.62
934968;A-CLEANANCE GEL NETT300ML;0;238.97;238.97
935065;A-MOUSSE LIMP 150ML;236.69;242;242
935067;A-FLUIDO HIDRATANTE MAT50;292.07;292.07;292.07
935379;A-CICALFATE POST-ACTE 40M;0;219.24;219.24
935458;A-TOL EXT LECHE DEFI 200M;0;257.17;257.17
935837;G-RELLENADOR DE ARRUGAS10;345.17;345.17;345.17
936321;A-CC CREMA MANOS 50ML;0;98.62;98.62
936651;A-CLEAN AGUA DERM 400ML;265.52;265.5172;265.5172
936907;M-EXOMEGA DEFI CREMA 200M;294.34;294.34;294.34
936908;M-EXOMEGA DEFI BALSAMO200;301.93;301.93;301.93
937049;K-BB ERYTEAL POM 75ML;105.45;105.45;105.45
937212;D-ICTYANE CR FPS 15 40ML;0;242.76;242.76
937422;D-ANAPHASE SHAMPOO 250ML;206.34;206.34;206.34
937888;A-SERENAGE UNIF 40ML;447.59;477.931;477.931
939102;A-BLOQ EMUL TOQUE SECO50+;272.34;272.34482758;272.34482758
939158;A-BLOQ EMUL TINT TOQUE SE;272.34;272.34482758;272.34482758
939254;D-SENSINOL SHP 200ML;0;188.9;188.9
939456;E-BALSAMO NUTRITIVO 200ML;0;288.28;288.28
939511;E-SPRAY CORPORAL 150ML;0;159.31;159.31
939648;E-CREMA COORPORAL ANTIEST;0;529.52;529.52
940544;AV XERACALM ACEITE 400ML;0;311.03;311.03
940548;A-XERACALM A.D.BALSAMO200;0;295.86;295.86
940555;A-XERACALM A.D. CREMA 200;0;280.69;280.69
940898;A-YSTHEAL CREMA 30ML NF14;0;398.28;398.28
940925;A-YSTHEAL EMULSION 30ML N;0;398.28;398.28
940934;A-YSTHEAL CONTOROJOS15ML;0;356.55;356.55
941118;K-BB SPRAY SOLAR 50+100ML;0;0;140.34
941179;A-COLD CREAM LECHECORP100;0;200;200
941180;A-COLD CREAM GEL LIMP 100;0;200;200
941414;K-SHAMPOO LINO 200ML;0;110;110
941420;K-SPRAY LINO 125ML;0;0;118.34
942088;AV COUV MASCARA NOCHE 7ML;0;292.07;292.07
942157;D-CREASTIM 2X30ML;0;550;550
945583;A-BARRA DERMATOLOGICA DES;0;87.24;87.24
PA0879;A-KIT DUO CR MANOS CC;219.7;219.7;219.7
PA0944;A-KIT CR/TIN 50+ATA 50ML;221.46;221.46;221.46
PA1080;A-KIT TX PIEL GRASA 09;248.33;248.33;248.33
PA1153;A-KIT YSTHEAL CREMA 09;321.66;321.66;321.66
PA1154;A-KIT YSTHEAL EMULSION 09;321.66;321.66;321.66
PA1155;A-KIT YSTHEAL CONT OJOS09;289.79;289.79;289.79
PA1156;A-KIT ELUAGE CREMA 09;376.28;376.28;376.28
PA1157;A-KIT ELUAGE GEL 09;381.59;381.59;381.59
PA1198;A-KIT BLOQ 50+ CREMA ATA1;243.24;243.24;243.24
PA1199;A-KIT BOOSTER SOLARES 10;427.67;427.67;427.67
PA1232;A-KIT EMULSION + ATA150ML;243.24;243.24;243.24
PA1276;A-KIT CPI +LPI 2010;259.45;259.45;259.45
PA1348;A-KIT PROMO ATA 300ML+CPI;160.83;160.83;160.83
PA1386;A-KIT HOMBRES 2010;443.1;443.1;443.1
PA1393;A-KIT VERANO EMUL50+C/ATA;256.41;256.41;256.41
PA1394;A-KIT VERANO CR 50+ C/ATA;256.41;256.41;256.41
PA1395;A-KIT SPRAY FPS 30 NIÑOS;297.38;297.38;297.38
PA1471;A-KIT PIEL SENS SECA 10;381.59;381.59;381.59
PA1473;A-KIT PIEL SENS MIXTA 10;282.21;282.21;282.21
PA1475;A-KIT PIEL SENS GRASA 10;248.83;248.83;248.83
PA1477;A-KIT PIEL SENS ACNEICA10;251.86;251.86;251.86
PA1479;A-KIT PIEL SENS REVIT 10;539.37;539.37;539.37
PA1521;A-KIT ATA 150ML CON COMPR;138.07;138.07;138.07
PA1549;A-PROMO POLVO MOSAICO TRA;0.01;0.01;0.01
PA1550;A-KIT 1RAS LINEAS EXP SP;463.67;463.67;463.67
PA1551;A-PROMO CR CONT OJOS SP;0.73;0.73;0.73
PA1608;A-KIT PREV 1RAS ARRUGAS Y;321.66;321.66;321.66
PA1609;A-KIT REEST OJOS Y ROSTRO;564.41;564.41;564.41
PA1610;A-KIT ELUAGE SURCOS MARCA;381.59;381.59;381.59
PA1611;A-KIT SERENAGE;428.62;428.62;428.62
PA1644;A-AKERAT S10 2X1;213.17;213.17;213.17
PA1671;A-KIT EXHIBIDOR MULTIMARC;2194.99;2194.99;2194.99
PA1672;A-PROMO SP GEL+K 50%;343.66;343.66;343.66
PA1712;A-KIT TRIXER 200ML+ATA150;220;220;220
PA1716;A-DUO CRM MANOS COLD CREA;205.97;205.97;205.97
PA1718;A-KIT TRIXERA+GEL+CREMA C;344.11;344.11;344.11
PA1722;A-KIT BLOQ50+EMULS+ATA NF;256.41;256.41;256.41
PA1724;A-KIT BLOQ50+EMUL+ATA VF;256.41;256.41;256.41
PA1726;A-KIT BLOQ50+CREM/ATA NF;256.41;256.41;256.41
PA1728;A-KIT BLOQ50+CREM/ATA VF;256.41;256.41;256.41
PA1730;A-KIT BLOQ50+CREM/TINT+AT;256.41;256.41;256.41
PA1732;A-KIT BLOQ50+CREM/TINTE+A;256.41;256.41;256.41
PA1734;A-KIT SPRAY 50+NIÑOS+BAGP;297.38;297.38;297.38
PA1788;A-KIT TRIXERA+SELECT+BALS;355.79;355.79;355.79
PA1792;A-KIT PROMO SP TRIXERA+BA;355.79;355.79;355.79
PA1798;A-KIT ATA 150ML+MTRA SOLA;138.07;138.07;138.07
PA1826;A-KIT ELITE LUMINOSIDAD;489.16;489.16;489.16
PA1829;A-KIT ELITE RESTRUCTURANT;564.41;564.41;564.41
PA1835;A-KIT ELITE PIELES MADURA;674.22;674.22;674.22
PA1855;A-KIT CLEANANCE K+GEL50%;360.72;360.72;360.72
PA1856;A-KIT CLEANANCE20%+MTRA;217.72;217.72;217.72
PA1859;A-KIT PIEL GRASA 2011;353.9;353.9;353.9
PA1861;A-KIT GRANOS Y PUNTOS´11;360.72;360.72;360.72
PA1863;A-KIT GRANOS Y CICATRIZ11;368.31;368.31;368.31
PA1865;A-KIT PIEL FRAGILIZADA 11;360.72;360.72;360.72
PA1867;A-KIT CUIDADO PIEL SECA11;577;576.55;576.55
PA1870;A-KIT CUIDADO PIEL MIXTA;577;577;577
PA1873;A-KIT CUIDADO COMPLEMENTA;389.17;389.17;389.17
PA1876;A-KIT PRIMERAS ARRUGAS´11;611;611;611
PA1879;A-KIT HOMBRES´11;492.34;492.34;492.34
PA1882;A-ATA 150ML+LOCION MICELA;138.07;138.07;138.07
PA1978;A-KIT SOLARES1:EMULSION50;256.41;256.41;256.41
PA2041;A-KIT REFLEX+ATA50ML´11;160.56;160.56;160.56
PA2046;A-KIT DUO TRIXERA BALSAMO;297;297;297
PA2068;A-KIT CLEANANCE GEL+K50%;343.65;343.65;343.65
PA2069;A-KIT CLEANANCE GEL+DIACN;347.44;347.44;347.44
PA2080;A-CLEANANCE GEL CON 20% D;174.18;174.18;174.18
PA2103;A-DUO AKERAT CREMA 200ML;452.9;452.9;452.9
PA2137;A-KIT ELITE ZONAS ESPECIF;568.66;568.66;568.66
PA2157;A-KIT CLEANANCE GEL+K 50%;343.66;343.66;343.66
PA2158;A-KIT CLEANANCE GEL+DIACN;347.45;347.45;347.45
PA2220;A-SOL EMULS50++ATA50ML;256.41;256.41;256.41
PA2222;A-SOL CREMA 50++ATA50ML;256.41;256.41;256.41
PA2224;A-SOL CREMA TINTE50++ATA5;256.41;256.41;256.41
PA2226;AV SOL SPRAY NIÑOS+VASO N;297.38;297.38;297.38
PA2230;A-KIT CLEANANCEK+GEL25+BL;251.86;251.86;251.86
PA2233;A-TRIX CR 200ML+1BARRA CC;220;220;220
PA2234;A-DUO TRIX BALSAMO 200ML;330;330;330
PA2266;A-DUO AKERAT´12;319.76;319.76;319.76
PA2271;AV SOL SPRAY NIÑOS+VASO A;297.38;297.38;297.38
PA2281;A-KIT EMULSION+GEL25+BLOQ;248.83;248.83;248.83
PA2282;A-DIACNEAL+GEL25+EMUL5M;259.45;259.45;259.45
PA2283;A-KIT FLUIDO+GELAFE+CICAL;274.62;274.62;274.62
PA2286;A-KIT DUO TRIX CR 200ML;330;330;330
PA2287;A-CLEANANCE GEL+EMULSP´12;174.18;174.18;174.18
PA2294;A- KIT YSTHEAL E+LOC+OJOS;321.66;321.66;321.66
PA2295;A-KIT ELUAGE E+LOC+OJOS;376.28;376.28;376.28
PA2296;A-KIT SERENAGE D+LEC+SUE;428.62;428.62;428.62
PA2320;A-KIT YST E+OJOS+GEL;510.02;510.02;510.02
PA2343;A-HYDRANCE LEG+SUERO+GEL;259.45;259.45;259.45
PA2346;A-KIT ELU E+OJOS+LOC;590.28;590.28;590.28
PA2347;A-KIT ELU C+CONC+LOC;624.31;624.31;624.31
PA2348;A-KIT SER D+SUERO+LOC;734.34;734.34;734.34
PA2350;A-KIT CLEANANCE K+GEL+REL;469.59;469.59;469.59
PA2351;A-KIT CLEAN EMUL+GEL+RELO;466.55;466.55;466.55
PA2353;A-KIT DIACNEAL+GEL+RELOJ;477.17;477.17;477.17
PA2354;A-KIT CLEANANCE K+GEL50ML;251.86;251.86;251.86
PA2355;A-KIT CLEANANCE EM+GEL50M;248.83;248.83;248.83
PA2356;A-KIT DIACNEAL+CLEANANCE;383.86;383.86;383.86
PA2357;A-KIT CLEANACE K+CLEANANC;372.48;372.48;372.48
PA2362;A-KIT SPRAY 50+AGUA TERMA;301.93;301.93;301.93
PA2363;A-KIT EMULSION 50+ LECHE;256.41;256.41;256.41
PA2364;A-KIT CREMA 50+LECHE REPA;256.41;256.41;256.41
PA2365;A-KIT CR CON TINTE 50+ LE;256.41;256.41;256.41
PA2435;A-HYDRANCE RICH+LOCMIC+SU;259.45;259.45;259.45
PA2489;A-AKERAT S+BARRA CC´12;213.17;212.41;212.41
PA2494;A-KIT DIACNEAL+GEL50ML;259.45;259.45;259.45
PA2502;A-KIT TOL EXT DEFI 50ML+A;264.76;264.76;264.76
PA2514;A-ATA 300ML+ATA50ML;160.83;160.83;160.83
PA2557;A-KIT COLD CREAM EMUL 400;313.31;313.31;313.31
PA2596;A-KIT DPIGMENT+REFLEX´12;370.97;370.97;370.97
PA2619;A-KIT GEL HOM+GEL25ML;217.72;217.72;217.72
PA2631;A-COLD CREAM DUO CR MAN12;205.97;205.97;205.97
PA2632;A-COLD CREAM DUC LAP LAB;154.76;154.76;154.76
PA2633;A-COLD CREAM DUO BAR DLIM;159.31;159.31;159.31
PA2656;A-KIT PROMOCIONAL PEDIATR;303.45;303.45;303.45
PA2665;A-KIT EMUL TOQUE SECO+ATA;272.34;272.34;272.34
PA2666;A-KIT EMULSION CON COLOR;272.34;272.34;272.34
PA2667;A-KIT CREMA CON COLOR 50+;256.41;256.41;256.41
PA2668;A-KIT CREMA 50+ATA50ML;256.41;256.41;256.41
PA2671;A-KIT SPRAY NIÑOS 50+´13;297.38;297.38;297.38
PA2689;A-KIT TRIXERA BALSAMO 200;220;220;220
PA2693;A-KIT SUERO+LOCIÓN MICELA;381.59;381.59;381.59
PA2695;A-KIT CR NUT+LECHE DESM50;381.59;381.59;381.59
PA2793;A-CICALFATE KIT BOTIQUIN´;311.03;311.03;311.03
PA2824;A-KIT T.E. CREM+GRAT LECH;0;264.76;264.76
PA2825;A-KIT HYD RICH+LECH+EXF13;0;295.1;295.1
PA2826;A-KIT HYD LIG+LOC+EXF´13;0;295.1;295.1
PA2865;A-KIT YSTHE EMUL DIA MADR;0;348.21;348.21
PA2866;A-KIT ELUAGE EMULSION DIA;0;390.69;390.69
PA2867;A-KIT ELUAGE CR D.MADRE13;0;390.69;390.69
PA2868;A-KIT SERENAGE DIAMADRE13;0;440;440
PA2875;A-KIT CLEANANCE K+GEL´13;0;264.76;264.76
PA2877;A-KIT CLEANANCE EM+GEL´13;0;257.17;257.17
PA2879;A-KIT TRIAC+GEL+ESP´13;0;427.26;427.26
PA2881;A-KIT CLEAN EM+GEL+ESP13;0;402.98;402.98
PA2883;A-KIT CLEAN K+GEL+ESP´13;0;409.66;409.66
PA2892;A-TRIACNEAL+CLEAN AGUADER;0;295.1;295.1
PA2894;A-CLEAN EMUL+CLEANAGUADER;0;264.76;264.76
PA2896;A-CLEAN K+ CLEAN AGUADERM;0;273.1;273.1
PA2945;A-TRIXBALSAMO+GEL+ATA50ML;0;234.41;234.41
PA2949;A-KIT EMULS + REFLEX 30ML;0;269.31;269.31
PA2959;A-KIT ELUAG CR DIA MADR13;0;390.69;390.69
PA2978;A-SOL SPRAY+REFLEX;0;322.41;322.41
PA2980;AV-SOL SPRAY NIÑOS+LENTES;0;322.41;322.41
PA2981;A-KIT ATA300+50ML´13;0;191.17;191.17
PA3025;A-GEL+GEL25ML+CICALFATE5M;0;219.24;219.24
PA3091;A-KIT YSTHEAL D/N CAMPAÑA;0;524.36;524.36
PA3092;A-KIT ELUAGE D/NCAMPAÑA13;0;588.08;588.08
PA3093;A-KIT SERENAGE D/N CAMPAÑ;0;716.9;716.9
PA3094;A-KIT YSTHEAL OJOS CAMPAÑ;0;299.66;299.66
PA3095;A-KIT ELUAGE OJOS CAMPAÑA;0;367.93;367.93
PA3129;A-KIT CC MANOS+STICK30%13;0;143.38;143.38
PA3130;A-KIT CC DUO DE BARRAS´13;0;159.31;159.31
PA3131;A-KIT CC LECHE CORP 400ML;0;317.86;317.86
PA3133;A-KIT CPI50ML+LPI25ML´13;0;274.62;274.62
PA3154;A-KIT D-PIGMENT+LOCMIC50M;0;370.97;370.97
PA3156;A-KIT TRIXERA+ATA50ML+BAR;0;355.79;355.79
PA3213;A-KIT CREMA 50+ATA50ML´14;0;269.31;269.31
PA3214;A-KIT CREMA TT50+ATA50ML;0;269.31;269.31
PA3215;A-KIT TOQ SECO50+ATA50ML;0;272.34;272.34
PA3216;A-KIT TOQSECOTT50+ATA50ML;0;272.34;272.34
PA3217;A-KIT SPRAY NIÑOSC/TOALLA;0;322.41;322.41
PA3233;A-KIT TRIXERA+CR200ML+;0;226.83;226.83
PA3242;A-DUO EMULSION FPS50+´13;0;269.31;269.31
PA3243;A-PEDIATRIL DUO GEL DERML;0;0;165.38
PA3247;A-KIT CLEAN EMUL+GEL50ML+;0;264.76;264.76
PA3249;A-KIT CLEANK+GEL50ML+CLEA;0;273.1;273.1
PA3251;A-KIT TRIAC+GEL50ML+CLEAN;0;302.69;302.69
PA3264;A-KIT TOL EXT CR+ATA ED;0;0;264.76
PA3348;A-DUO AKERAT10´14;0;0;452.9
PA3359;A-KIT YSTHEAL CR LAN´14;0;0;398.28
PA3360;A-KIT YSTHEAL EM LAN´14;0;0;398.28
PA3361;A-KIT YSTHEAL OJOS LAN´14;0;0;356.55
PA3362;A-KIT ELUAGE OJOS DIA;0;0;367.93
PA3363;A-KIT ELUAGE CR DIA MADRE;0;0;440
PA3364;A-KIT SERENAGE UNIF DIA;0;0;477.93
PA3401;A-DUO BARRAS CLEANANCE´14;0;0;130.86
PA3443;A-KIT CLEAN AC+BAL LAB´14;0;0;284.48
PA3445;A-KIT HYD LIG UV+YST EMU´;0;0;314.83
PA3447;A-KIT HYD RIC UV+YST CR14;0;0;314.83
PA3449;A-KIT SUERO HYD+YST OJOS;0;0;388.41
PA3451;A-KIT CR NUTRITIVA+YST CR;0;0;388.41
PA3454;A-KIT TRIAC+GEL+CEPILLO14;0;0;433.32
PA3457;A-CLEAN K+GEL+CEPI14;0;0;409.66
PA3460;A-CLEANEMU+GEL+CEPI´14;0;0;402.98
PA3463;A-KIT COUV FLMIEL+MINI MA;0;0;265.52
PA3465;A-KIT COUVCOMP O/F MIEL+M;0;0;324.69
PA3467;A-KIT POLMOS TRAS+MINI MA;0;0;317.1
PA3495;A-KIT SOLARES SPRAY+ATA15;0;0;322.41
PA3497;A-KIT TRIX BAL+ATA+CCBARR;0;0;234.41
PA3526;A-KIT D-PIGMENT+EMUL SOL;0;0;370.97
PA3528;A-KIT ATA300+ATA50 EDL´14;0;0;191.17
PA3599;A-KIT D-PIGMENT+YST OJO14;0;0;370.97
PA3604;A-KIT ELUAGE EM+EMULSOL14;0;0;440
PD1127;D-KIT PROMO KERACNYL;323.92;323.92;323.92
PD1137;D-KIT ANASTIM/FORSTIM 09;435.99;435.99;435.99
PD1327;D-SELEGEL SH+MUESTRA KEL;157.03;157.03;157.03
PD1328;D-KERTYOL SH +MUESTRA KEL;157.03;157.03;157.03
PD1332;D-KELUAL DS SH+MUESTRA CR;179.79;179.79;179.79
PD1436;D-KIT INIC TTT PDV ANASTI;226.83;226.83;226.83
PD1452;D-DUO NUTRICERAT SHP 125M;157.03;157.03;157.03
PD1454;D-DUO EXTRASUAVE SHP 300M;228.72;228.72;228.72
PD1455;D-DUO ARGEAL SHP 150ML;224.17;224.17;224.17
PD1456;D-DUO SABAL SHP 125ML;235.55;235.55;235.55
PD1457;D-KIT ICTYANE PIELES SECA;302.69;302.69;302.69
PD1461;D-KIT KERACNYL TTT P/ACNE;164.62;164.62;164.62
PD1463;D-KIT KERACNYL TTT P/GRAS;183.65;183.65;183.65
PD1625;D-ANASTIM 1 FRASCO;57.37;57.37;57.37
PD1638;D-KIT KERACNYL NAVIDAD;277.69;277.69;277.69
PD1640;D-KIT KERACNYL STOP BOUTO;164.62;164.62;164.62
PD1642;D-PROMO KERACNYL LOCION N;279.93;279.93;279.93
PD1697;D-KIT KERTYOL SHP+KELUAL;157.03;157.03;157.03
PD1699;D-KIT KELUAL DS SHP+KELUA;275.38;275.38;275.38
PD1771;D-KIT ANAPHASE NEOPTIDE;635.72;635.72;635.72
PD1928;D-MELASCREEN DESPIG30M+EM;553.41;553.41;553.41
PD2096;D-KIT NEOPTIDE+ANAPHASE50;532.55;532.55;532.55
PD2098;D-KIT CHRONOSTIM+ANAPHASE;532.55;532.55;532.55
PD2100;D-KIT KERACNYL MATIF+STOP;183.65;183.65;183.65
PD2102;D-ESTUCHE NAVIDAD ICTYANE;229.1;229.1;229.1
PD2186;D-SQUARNORM CG+LOCION AL;263.62;263.62;263.62
PD2187;D-SELEGEL SHP+SQUARNORM;240.86;240.86;240.86
PD2188;D-DUO KERACNYL GEL 200ML;282.21;282.21;282.21
PD2189;D-DUO ICTYANE STICK DE LA;137.69;137.69;137.69
PD2190;D-DUO ICTYANE CREMA MANOS;144.52;144.52;144.52
PD2191;D-KIT NUTRICERAT CABELLO;224.17;224.17;224.17
PD2216;D-KIT MELASCREEN DESPIG+I;593.24;593.24;593.24
PD2466;D-KIT CHRONOSTIM PROMOCIO;532.55;532.55;532.55
PD2477;D-KIT ARGEAL 200ML DUO;224.17;224.17;224.17
PD2565;D-NEOPTIDE + ANAP50ML GRA;532.55;534.83;534.83
PD2566;D-CHRONOSTIM+ANAP50MLGRAT;532.55;534.83;534.83
PD2612;D-ANAPHASE SHP 250ML SP;206.34;206.34;206.34
PD2691;D-DUO ICTYANE BARRA C/LOC;166.9;166.9;166.9
PD2919;D-KIT SELEGEL ELUTION´13;0;264.38;264.38
PD2920;D-KIT SQUANORM ELUTION 13;0;264.38;264.38
PD2926;D-KIT MELADESPGAFAS13;0;551.06;551.06
PD2927;D-KIT MELAILUMIGAFAS13;0;496.44;496.44
PD2970;D-TRIO ANACAPS´13;0;795.76;795.76
PD3073;D-KIT ANASTIM+ANAPHASE´13;0;489.31;489.31
PD3075;D-KIT CHRONO-ANAPHASE´13;0;550;550
PD3077;D-KIT NEO+ANAPHASE´13;0;550;550
PD3371;D-KIT SQUANORM CS´14;0;0;291.69
PD3430;D-KIT MELASCREEN DESP'14;0;0;424.07
PD3536;D-KIT CHRONO+ANAPHASE´14;0;0;550
PD3538;D-KIT NEO+ANAPHASE´14;0;0;550
PD3540;D-KIT ANASTIM+ANAPHASE´14;0;0;489.31
PD3546;D-ANAPHASE SHAMPOO 250ML;0;0;238.97
PD3547;D-ELUTION 300ML;0;0;188.9
PD3548;D-EXTRA SUAVE 400ML;0;0;173.72
PD3595;D-CR FPS+STICK ICTY´14;0;0;242.76
PD3596;D-LOC+STICK ICTYANE´14;0;0;282.21
PD3607;D-DUO KERACNYL GEL´14;0;0;347.07
PD3609;D-DUO KERACNYL PP´14;0;0;392.59
PD3667;D-NEOPTIDE 15%´14;0;0;467.5
PD3668;D-CHRONOSTIM 15%´14;0;0;467.5
PD3669;D-ANASTIM 15%´14;0;0;415.91
PE1210;E-KIT ACTIV MASSAGE C/EXF;359.41;359.41;359.41
PE1281;E-DUO LIPO VIENTRE+LIPO;499.69;499.69;499.69
PE1283;E-DUO CELLU VIENTRE+LIPO;512.07;512.07;512.07
PE1285;E-DUO CELLU+EXFO;512.07;512.07;512.07
PE1654;E-CUID DESIN NUTRITIV 200;295.1;295.1;295.1
PE1755;E-KIT DUO CELLU+VIENTRE;499.93;499.93;499.93
PE1940;E-KIT CELULITS Y PIERNAS;443.79;443.79;443.79
PE2171;E-KIT PROGRAMA ATAQUE´12;517.38;517.38;517.38
PE2172;E-KIT VIENTRE PLANO´12;514.34;514.34;514.34
PE2376;E-KIT PROGRA INTENSIVO´12;489.31;489.31;489.31
PE2377;E-DUO OFFENSIVE;512.07;512.07;512.07
PE2378;E-OFFENSIVE+EXFO;409.66;409.66;409.66
PE2414;E-ACTIV RECARGA PROMO;381.59;381.59;381.59
PE2576;E-DUO VIENTRE;512.07;512.07;512.07
PE2766;E-KIT FIRMEZA TOTAL;616;659.24;659.24
PE2799;E-CELLU SLIM TRAVEL SIZE;0;367.93;367.93
PE2886;E-CAJA DUO OFFENSIVE;0;512.07;512.07
PE3356;E-KIT CELLU S+VAN+CRMULTI;0;0;378.55
PE3377;E-KIT CELLU S+VANITY CON;0;0;378.55
PE3674;E-KIT CELLU S+VTRE´14;0;0;515.1
PG1351;G-DUO TENSOR REDENSIFICAN;531.03;531.03;531.03
PG1497;G-KIT EMULSIÓN C/MTRA TR;386.9;386.9;386.9
PG1498;G-KIT TENSOR OJOSC/MTRATR;314.07;314.07;314.07
PG1510;G-KIT ARGANE C/MTRA TR;443.79;443.79;443.79
PG1635;G-KIT BIOPHYCEE 2010;351.24;351.24;351.24
PG1636;G-KIT ARGANE 2010;443.03;443.03;443.03
PG1759;G-KIT ELIXIR OPHYCEE´11;470.34;470.34;470.34
PG1760;G-KIT ELIXIR ARGANE´11;454.41;454.41;454.41
PG1761;G-KIT ELIXIR AQUA´11;337.59;337.59;337.59
PG2379;G-RITUAL NUTRITIVO;708.7;708.7;708.7
PG2380;G-RITUAL ANTIARRUGAS;645.21;645.21;645.21
PG2987;G-KIT ELIXIR ARGANE´13;0;790.48;790.48
PG2988;G-KIT ELIXIR OPHYCEE´13;0;759.91;759.91
PG2989;G-KIT ELIXIR NECTALYS´13;0;626.09;626.09
PG3381;G-OPH CR PNM+OJOS´14;0;0;721.68
PG3389;G-NEC CR+OJOS´14;0;0;578.3
PG3391;G-ARG EMU+OJOS´14;0;0;798.83
PK1536;K-SHP QUININA 400 & ACOND;201.79;201.79;201.79
PK1537;K-SHP GRANADA 400 & ACOND;201.79;201.79;201.79
PK1538;K-SHP MANGO 400 & ACOND;201.79;201.79;201.79
PK1539;K-SHP PAPIRO 400 & ACOND;201.79;201.79;201.79
PK1646;K-KIT CABELLO TEÑIDO;178;178;178
PK1647;K-KIT CABELLO REBELDE;178;178;178
PK1648;K-KIT CABELLO SECO;178;178;178
PK1649;K-KIT CAIDA DEL CABELLO;173.5;173.5;173.5
PK1763;K-KIT VIAJE MANGO;89.52;89.52;89.52
PK2297;K-ACEITE DE MANGO SEMANA;140.34;140.34;140.34
PK2383;K-SHP SECO CON QUININA;100.9;100.9;100.9
PK2384;K-SHP SECO CON MANGO;100.9;100.9;100.9
PK2385;K-SHP SECO CON PAPIRO;100.9;100.9;100.9
PK2386;K-SHP SECO CON GRANADA;100.9;100.9;100.9
PK2387;K-SHP SECO CON MAGNOLIA;100.9;100.9;100.9
PK2521;K-BB COFRE CONEJO AZUL;166.9;166.9;166.9
PK2522;K-BB DUO TOALLITAS;111.52;111.52;111.52
PK2524;K-BB COFRE CONEJO ROSA;166.9;166.9;166.9
PK2797;K-CUID S/E PAPIRO SEM STA;118.34;118.34;118.34
PK3114;K-BB DUO BLOQ 50+ 200ML;0;209.77;209.77
PK3136;K-KIT CREMA DIA MANGO;0;118.34;118.34
PK3142;K-KIT CREMA DIA PAPIRO;0;118.34;118.34
PK3143;K-KIT CREMA DIA GRANADA;0;118.34;118.34
PK3176;K-KIT SHP QUIN+SH SECO;0;175.24;175.24
PK3181;K-KIT SH GRA + SH SECO;0;175.24;175.24
PK3183;K-KIT SH PAPI+SH SECO;0;175.24;175.24
PK3379;K-KIT SHP QUI200ML+CUREdF;0;0;310.28
PK3521;K-BB COFRE CONE AZUL´14;0;0;166.9
PK3565;K-SHP QUI_SP 400ML;0;0;154
PK3566;K-SHP MGO_SP 400ML;0;0;154
PK3567;K-SHP GRA_SP 400ML;0;0;154
PK3568;K-SHP MAG_SP 400ML;0;0;154
PK3569;K-SHP PAP_SP 400ML;0;0;154
PK3586;K-BB DUO GEL BAÑO;0;0;158.28
PK3660;K-BB DUO TOALLITAS´14;0;0;111.52
PL1253;L-KIT TREVISSAGE COLD CRE;103.17;103.17;103.17
PL1254;L-KIT TREVISSAGE ATA;60.69;60.69;60.69
PL1255;L-KIT TREVI CLEAN SOLAR;241.24;241.24;241.24
PL1667;L-KIT DUO GRANUDOXY C/15;174.15;174.15;174.15
PM1309;M-PROMO EXOMEGA CR+MTRA;267.03;267.03;267.03
PM1310;M-PROM A-DERMA BARRA 2010;113.79;113.79;113.79
PM1343;M-PROMO EXOMEGA CR+GEL;327.02;327.02;327.02
PM1459;M-PROMO DUO DERMO SUAVE;227.59;227.59;227.59
PM1695;M-EXOMEGA B TRAT 250ML;358.82;358.82;358.82
PM1704;M-PROMO EXOME BALSAMO+GEL;358.83;358.83;358.83
PM1708;M-KIT DERMOPED GEL+CR COC;243.9;243.9;243.9
PM1710;M-DUO DERMOPAN BARRA ADER;88;88;88
PM1926;M-EXOMEGA CR+LOCION´11;373.24;373.24;373.24
PM2028;M-KIT PRIMALBA LOCION+CRC;326.21;326.21;326.21
PM2195;M-KIT EXOMEGA BALSAMO-65%;370.74;370.74;370.74
PM2197;M-ADERMA CREMA DE MANOS 2;142.24;94.83;94.83
PM2199;M-KIT EXOMEGA BALSAMO+2MM;274.62;274.62;274.62
PM2487;M-KIT EXOMEGA CR+LOCION12;267.03;267.03;267.03
PM2607;M-KIT EXOMEGA 400ML+2BARR;330;330;330
PM2697;M-KIT EXOMEGA 400ML+2BARR;330;330;330
PM3061;M-EXO BAL DEFI+ACEITE50ML;0;301.93;301.93
PM3062;M-EXO CR DEFI+ACEITE 50ML;0;294.34;294.34
PM3063;M-DUO DERMOPAN 100X2;0;135.41;135.41
PM3135;M-KIT PRIMAL GEL 500+CAT;0;167.66;167.66
PM3170;M-KIT EXO 400ML+2BARRAS;0;352.76;352.76
PM3285;M-DUO EXO DEFI CR;0;0;382.34
PM3289;M-DUO EXO DEFI BAL;0;0;392.21
PM3302;M-KIT EXO BAL 400+CR MANO;0;0;362.62
PM3410;M-KIT PRIM GEL+CR´14;0;0;288.12
PM3489;M-KIT EXOMEGA DEFI 200+50;0;0;294.34
PM3606;M-DUO DERMOPAN 100X2;0;0;135.41
PM3628;M-KIT BOTIQUIN DERMAL+;0;0;163.1
PP1556;P-DUO PERCUTALFA;384.5;392.97;392.97
PP1557;P-DUO PERCUTAFEINE;408.9;408.9;408.9
PP2382;P-PROMO ESPECIAL PERCUTAL;329.54;329.54;329.54
PP2604;P-KIT POST PARTO;481.69;481.69;481.69
PP3583;P-DUO PER´14;0;0;392.97
